SKU,COST,CURRENCY,CREATED_DATE
0048544883802,361.05,USD,11/10/2023 9:20:03 PM
0048544884304,178.02,USD,11/10/2023 9:20:05 PM
0048544884731,181.83,USD,11/10/2023 9:20:04 PM
0048544885615,421.04,USD,11/10/2023 9:20:04 PM
0048544886117,167.59,USD,11/10/2023 9:20:06 PM
0048544886247,171.92,USD,11/10/2023 9:20:06 PM
0048544886254,187.82,USD,11/10/2023 9:20:05 PM
00711745603059,153.96,USD,11/10/2023 9:20:06 PM
00729199000089,166.53,USD,11/10/2023 9:20:09 PM
00729199000096,86.46,USD,11/10/2023 9:20:07 PM
00729199000126,850.03,USD,11/10/2023 9:20:08 PM
00729199573316,57.58,USD,11/10/2023 9:20:06 PM
00729199573507,38.629999999999995,USD,11/10/2023 9:20:06 PM
00729199573835,44.95,USD,11/10/2023 9:20:08 PM
00729199573859,44.760000000000005,USD,11/10/2023 9:20:08 PM
00729199575501,24.259999999999998,USD,11/10/2023 9:20:07 PM
00729199575525,32.629999999999995,USD,11/10/2023 9:20:08 PM
00729199575778,227.4,USD,11/10/2023 9:20:07 PM
00729199608292,1017.09,USD,11/10/2023 9:20:08 PM
00729199608599,204.45,USD,11/10/2023 9:20:08 PM
00729199608605,887.6,USD,11/10/2023 9:20:09 PM
00729199608612,134.9,USD,11/10/2023 9:20:08 PM
00729199730009,688.39,USD,11/10/2023 9:20:09 PM
00729199883316,368.53,USD,11/10/2023 9:20:08 PM
00729199883507,26.58,USD,11/10/2023 9:20:08 PM
00729199883521,905.4,USD,11/10/2023 9:20:08 PM
00729199883835,987.59,USD,11/10/2023 9:20:09 PM
00810097471634,313.96,USD,11/10/2023 9:20:08 PM
00810097472754,213.96,USD,11/10/2023 9:20:08 PM
00810097473058,813.96,USD,11/10/2023 9:20:09 PM
00810097473270,163.96,USD,11/10/2023 9:20:09 PM
00810361031762,27.92,USD,11/10/2023 9:20:09 PM
00810361031786,220.13,USD,11/10/2023 9:20:09 PM
00815293001364,425.0,USD,11/10/2023 9:20:08 PM
00815293001463,518.56,USD,11/10/2023 9:20:09 PM
00815293001470,342.83,USD,11/10/2023 9:20:07 PM
00815293001487,195.39,USD,11/10/2023 9:20:08 PM
00815293001517,55.56,USD,11/10/2023 9:20:08 PM
00815293001685,518.56,USD,11/10/2023 9:20:08 PM
00815293001715,156.09,USD,11/10/2023 9:20:08 PM
00815293001876,500.88,USD,11/10/2023 9:20:08 PM
00815293001975,1412.85,USD,11/10/2023 9:20:08 PM
00815293001982,464.84,USD,11/10/2023 9:20:08 PM
00815293002033,346.52,USD,11/10/2023 9:20:08 PM
00815293002057,1021.82,USD,11/10/2023 9:20:09 PM
00815293002064,407.72,USD,11/10/2023 9:20:09 PM
00815293002101,147.99,USD,11/10/2023 9:20:08 PM
00815293002118,407.04,USD,11/10/2023 9:20:08 PM
00815293002132,392.76,USD,11/10/2023 9:20:09 PM
00815293002149,392.76,USD,11/10/2023 9:20:10 PM
00815293002187,4119.5,USD,11/10/2023 9:20:09 PM
00815293002194,518.56,USD,11/10/2023 9:20:08 PM
00815293002200,743.45,USD,11/10/2023 9:20:08 PM
00815293002217,407.72,USD,11/10/2023 9:20:09 PM
00815293002422,1154.05,USD,11/10/2023 9:20:10 PM
00815293002439,174.88,USD,11/10/2023 9:20:09 PM
00815293002491,419.96,USD,11/10/2023 9:20:10 PM
00815293002569,419.96,USD,11/10/2023 9:20:09 PM
00815293003351,59.65,USD,11/10/2023 9:20:09 PM
00815293003443,266.0,USD,11/10/2023 9:20:08 PM
00815293003580,49.13,USD,11/10/2023 9:20:10 PM
00887753525246,300.34,USD,11/10/2023 9:20:08 PM
00887753525253,440.02,USD,11/10/2023 9:20:10 PM
00887753525260,300.34,USD,11/10/2023 9:20:08 PM
00887753525277,440.02,USD,11/10/2023 9:20:09 PM
00887753525307,533.14,USD,11/10/2023 9:20:08 PM
00887753525321,540.9,USD,11/10/2023 9:20:08 PM
00887753525338,494.34,USD,11/10/2023 9:20:09 PM
00887753525345,533.14,USD,11/10/2023 9:20:09 PM
00887753525352,533.14,USD,11/10/2023 9:20:09 PM
00887753525369,533.14,USD,11/10/2023 9:20:09 PM
00887753525383,354.66,USD,11/10/2023 9:20:10 PM
00887753525529,680.58,USD,11/10/2023 9:20:09 PM
00887753525734,455.54,USD,11/10/2023 9:20:10 PM
00887753525789,649.54,USD,11/10/2023 9:20:09 PM
00887753525796,455.54,USD,11/10/2023 9:20:08 PM
00887753525857,649.54,USD,11/10/2023 9:20:10 PM
00887753525901,828.02,USD,11/10/2023 9:20:09 PM
00887753526014,680.58,USD,11/10/2023 9:20:10 PM
00887753526045,680.58,USD,11/10/2023 9:20:10 PM
00887753526229,222.74,USD,11/10/2023 9:20:11 PM
00887753526243,416.74,USD,11/10/2023 9:20:09 PM
00887753526267,323.62,USD,11/10/2023 9:20:10 PM
00887753526274,416.74,USD,11/10/2023 9:20:10 PM
00887753526298,416.74,USD,11/10/2023 9:20:09 PM
00887753526304,556.42,USD,11/10/2023 9:20:10 PM
00887753526311,292.58,USD,11/10/2023 9:20:09 PM
00887753526328,292.58,USD,11/10/2023 9:20:10 PM
00887753526335,377.94,USD,11/10/2023 9:20:10 PM
00887753526380,385.7,USD,11/10/2023 9:20:10 PM
00887753526410,657.3,USD,11/10/2023 9:20:10 PM
00887753526502,571.94,USD,11/10/2023 9:20:10 PM
00887753526519,323.62,USD,11/10/2023 9:20:09 PM
00887753526533,571.94,USD,11/10/2023 9:20:10 PM
00887753526595,393.46,USD,11/10/2023 9:20:09 PM
00887753526687,339.14,USD,11/10/2023 9:20:11 PM
00887753526717,525.38,USD,11/10/2023 9:20:09 PM
00887753526724,571.94,USD,11/10/2023 9:20:10 PM
00887753526731,571.94,USD,11/10/2023 9:20:10 PM
00887753526748,346.9,USD,11/10/2023 9:20:09 PM
00887753526755,509.86,USD,11/10/2023 9:20:10 PM
00887753526762,346.9,USD,11/10/2023 9:20:10 PM
00887753526779,509.86,USD,11/10/2023 9:20:09 PM
00887753526809,377.94,USD,11/10/2023 9:20:10 PM
00887753526885,401.22,USD,11/10/2023 9:20:10 PM
00887753526946,432.26,USD,11/10/2023 9:20:10 PM
00887753526977,432.26,USD,11/10/2023 9:20:10 PM
00887753527042,300.34,USD,11/10/2023 9:20:10 PM
00887753527059,401.22,USD,11/10/2023 9:20:10 PM
00887753527066,401.22,USD,11/10/2023 9:20:10 PM
00887753527073,401.22,USD,11/10/2023 9:20:11 PM
00887753527080,432.26,USD,11/10/2023 9:20:11 PM
00887753527097,432.26,USD,11/10/2023 9:20:11 PM
00887753527172,354.66,USD,11/10/2023 9:20:11 PM
00887753527202,377.94,USD,11/10/2023 9:20:11 PM
00887753527219,292.58,USD,11/10/2023 9:20:11 PM
00887753527240,440.02,USD,11/10/2023 9:20:10 PM
00887753527318,370.18,USD,11/10/2023 9:20:10 PM
00887753527325,796.98,USD,11/10/2023 9:20:10 PM
00887753527332,556.42,USD,11/10/2023 9:20:11 PM
00887753527387,308.1,USD,11/10/2023 9:20:12 PM
00887753527479,292.58,USD,11/10/2023 9:20:11 PM
00887753527608,292.58,USD,11/10/2023 9:20:10 PM
00887753527646,277.06,USD,11/10/2023 9:20:11 PM
00887753527653,277.06,USD,11/10/2023 9:20:10 PM
00887753527660,323.62,USD,11/10/2023 9:20:12 PM
00887753527714,401.22,USD,11/10/2023 9:20:11 PM
00887753527851,331.38,USD,11/10/2023 9:20:11 PM
00887753527912,494.34,USD,11/10/2023 9:20:11 PM
00887753527929,494.34,USD,11/10/2023 9:20:11 PM
00887753527943,377.94,USD,11/10/2023 9:20:12 PM
00887753527950,277.06,USD,11/10/2023 9:20:11 PM
00887753527967,424.5,USD,11/10/2023 9:20:10 PM
00887753527981,455.54,USD,11/10/2023 9:20:11 PM
00887753528018,269.3,USD,11/10/2023 9:20:11 PM
00887753528025,377.94,USD,11/10/2023 9:20:11 PM
00887753528032,284.82,USD,11/10/2023 9:20:12 PM
00887753528070,323.62,USD,11/10/2023 9:20:11 PM
00887753528117,207.22,USD,11/10/2023 9:20:12 PM
00887753528513,136.95,USD,11/10/2023 9:20:12 PM
00887753528520,136.95,USD,11/10/2023 9:20:11 PM
00887753528544,136.95,USD,11/10/2023 9:20:10 PM
00887753528551,136.95,USD,11/10/2023 9:20:11 PM
00887753528582,231.52,USD,11/10/2023 9:20:11 PM
00887753529077,1233.69,USD,11/10/2023 9:20:10 PM
00887753529350,79.3,USD,11/10/2023 9:20:11 PM
00887753529381,79.3,USD,11/10/2023 9:20:11 PM
00887753529497,85.9,USD,11/10/2023 9:20:12 PM
00887753529510,85.9,USD,11/10/2023 9:20:11 PM
00887753529534,85.9,USD,11/10/2023 9:20:12 PM
00887753529558,85.9,USD,11/10/2023 9:20:12 PM
00887753529565,85.9,USD,11/10/2023 9:20:12 PM
00887753529596,85.9,USD,11/10/2023 9:20:12 PM
00887753529664,85.9,USD,11/10/2023 9:20:12 PM
00887753529671,85.9,USD,11/10/2023 9:20:11 PM
00887753529688,85.9,USD,11/10/2023 9:20:11 PM
00887753529725,125.47,USD,11/10/2023 9:20:12 PM
00887753529831,125.47,USD,11/10/2023 9:20:12 PM
00887753529855,125.47,USD,11/10/2023 9:20:11 PM
00887753529930,166.28,USD,11/10/2023 9:20:12 PM
00887753529992,132.07,USD,11/10/2023 9:20:12 PM
00887753530011,138.66,USD,11/10/2023 9:20:12 PM
00887753530028,138.66,USD,11/10/2023 9:20:12 PM
00887753530042,138.66,USD,11/10/2023 9:20:11 PM
00887753530080,138.66,USD,11/10/2023 9:20:12 PM
00887753530134,138.66,USD,11/10/2023 9:20:12 PM
00887753530141,138.66,USD,11/10/2023 9:20:12 PM
00887753530165,107.71,USD,11/10/2023 9:20:12 PM
00887753530172,171.64,USD,11/10/2023 9:20:11 PM
00887753530202,118.88,USD,11/10/2023 9:20:11 PM
00887753530226,118.88,USD,11/10/2023 9:20:12 PM
00887753530233,217.82,USD,11/10/2023 9:20:12 PM
00887753530264,118.88,USD,11/10/2023 9:20:12 PM
00887753530301,118.88,USD,11/10/2023 9:20:12 PM
00887753530318,118.88,USD,11/10/2023 9:20:13 PM
00887753530349,145.26,USD,11/10/2023 9:20:13 PM
00887753530370,19.28,USD,11/10/2023 9:20:11 PM
00887753530530,68.31,USD,11/10/2023 9:20:12 PM
00887753531476,761.2,USD,11/10/2023 9:20:12 PM
00887753532619,176.92,USD,11/10/2023 9:20:13 PM
00887753532855,362.42,USD,11/10/2023 9:20:12 PM
00887753532893,171.64,USD,11/10/2023 9:20:13 PM
00887753532916,171.64,USD,11/10/2023 9:20:13 PM
00887753532923,171.64,USD,11/10/2023 9:20:12 PM
00887753532947,184.84,USD,11/10/2023 9:20:12 PM
00887753532954,198.03,USD,11/10/2023 9:20:12 PM
00887753533210,828.02,USD,11/10/2023 9:20:12 PM
00887753533548,517.62,USD,11/10/2023 9:20:12 PM
00887753533968,362.42,USD,11/10/2023 9:20:12 PM
00887753533999,416.74,USD,11/10/2023 9:20:12 PM
00887753535887,565.85,USD,11/10/2023 9:20:12 PM
00887753536204,99.5,USD,11/10/2023 9:20:12 PM
00887753536211,138.66,USD,11/10/2023 9:20:12 PM
00887753536365,395.91,USD,11/10/2023 9:20:12 PM
00887753536396,204.62,USD,11/10/2023 9:20:13 PM
00887753536563,323.62,USD,11/10/2023 9:20:12 PM
00887753536587,494.34,USD,11/10/2023 9:20:13 PM
00887753536778,62.76,USD,11/10/2023 9:20:12 PM
00887753537690,796.98,USD,11/10/2023 9:20:12 PM
00887753537843,558.9,USD,11/10/2023 9:20:12 PM
00887753537898,269.76,USD,11/10/2023 9:20:13 PM
00887753537904,86.96,USD,11/10/2023 9:20:13 PM
00887753537911,70.91,USD,11/10/2023 9:20:12 PM
00887753539823,136.03,USD,11/10/2023 9:20:13 PM
00887753540188,304.27,USD,11/10/2023 9:20:13 PM
00889545092486,72.43,USD,11/10/2023 9:20:13 PM
012748600763,130.01999999999998,USD,11/10/2023 9:20:12 PM
012748881889,325.6,USD,11/10/2023 9:20:13 PM
019023087486,390.4,USD,11/10/2023 9:20:13 PM
019023888724,161.01,USD,11/10/2023 9:20:13 PM
019023910418,344.42,USD,11/10/2023 9:20:13 PM
019023910425,344.42,USD,11/10/2023 9:20:12 PM
019023975097,424.0,USD,11/10/2023 9:20:13 PM
019023977893,212.23,USD,11/10/2023 9:20:13 PM
019023977909,221.7,USD,11/10/2023 9:20:13 PM
019023978746,288.9,USD,11/10/2023 9:20:14 PM
019023979842,212.62,USD,11/10/2023 9:20:12 PM
019023979958,274.31,USD,11/10/2023 9:20:14 PM
019023979965,209.24,USD,11/10/2023 9:20:12 PM
019023981296,156.68,USD,11/10/2023 9:20:12 PM
019023982514,115.89,USD,11/10/2023 9:20:13 PM
019023982521,182.87,USD,11/10/2023 9:20:12 PM
019025003910,380.86,USD,11/10/2023 9:20:13 PM
024844196644,60.88,USD,11/10/2023 9:20:13 PM
025067016726,153.61,USD,11/10/2023 9:20:12 PM
025067017952,224.57,USD,11/10/2023 9:20:14 PM
025067030883,321.5,USD,11/10/2023 9:20:13 PM
025067031019,857.68,USD,11/10/2023 9:20:13 PM
025067033747,715.15,USD,11/10/2023 9:20:13 PM
025067054636,388.33,USD,11/10/2023 9:20:13 PM
025067056982,1457.4,USD,11/10/2023 9:20:14 PM
025067057033,21.71,USD,11/10/2023 9:20:13 PM
025067057217,59.68,USD,11/10/2023 9:20:13 PM
025067057224,59.68,USD,11/10/2023 9:20:14 PM
025067057248,514.4100000000001,USD,11/10/2023 9:20:12 PM
026149710006,662.12,USD,11/10/2023 9:20:13 PM
027067086723,143.61,USD,11/10/2023 9:20:14 PM
027067390547,150.32,USD,11/10/2023 9:20:14 PM
027067475527,237.71,USD,11/10/2023 9:20:14 PM
027067652386,464.4,USD,11/10/2023 9:20:13 PM
027067652591,104.38,USD,11/10/2023 9:20:14 PM
027067724175,238.45,USD,11/10/2023 9:20:13 PM
027067733443,200.88,USD,11/10/2023 9:20:13 PM
027067799906,150.32,USD,11/10/2023 9:20:13 PM
027067833020,572.21,USD,11/10/2023 9:20:13 PM
027067861658,177.44,USD,11/10/2023 9:20:14 PM
027067895653,141.26,USD,11/10/2023 9:20:14 PM
027067900777,142.49,USD,11/10/2023 9:20:14 PM
027067900784,142.49,USD,11/10/2023 9:20:14 PM
036584040002,338.6,USD,11/10/2023 9:20:14 PM
036584044376,224.06,USD,11/10/2023 9:20:14 PM
036584072409,24.4,USD,11/10/2023 9:20:15 PM
036584073093,439.51,USD,11/10/2023 9:20:13 PM
036584082989,340.52,USD,11/10/2023 9:20:14 PM
036584096887,67.02000000000001,USD,11/10/2023 9:20:14 PM
036584096993,76.96000000000001,USD,11/10/2023 9:20:14 PM
036584116400,96.88,USD,11/10/2023 9:20:14 PM
036584147268,737.27,USD,11/10/2023 9:20:14 PM
036584177012,781.32,USD,11/10/2023 9:20:14 PM
036584225409,536.15,USD,11/10/2023 9:20:14 PM
036584236177,216.84,USD,11/10/2023 9:20:14 PM
036584248675,474.46,USD,11/10/2023 9:20:13 PM
036584248682,474.46,USD,11/10/2023 9:20:15 PM
036584259428,1201.1,USD,11/10/2023 9:20:15 PM
036584264514,538.69,USD,11/10/2023 9:20:16 PM
036584334347,317.81,USD,11/10/2023 9:20:15 PM
036584384274,577.18,USD,11/10/2023 9:20:15 PM
036584384304,592.41,USD,11/10/2023 9:20:15 PM
036584387619,996.44,USD,11/10/2023 9:20:15 PM
036584401995,955.95,USD,11/10/2023 9:20:14 PM
036584402008,955.95,USD,11/10/2023 9:20:14 PM
036584402350,1575.33,USD,11/10/2023 9:20:14 PM
036584421757,157.84,USD,11/10/2023 9:20:14 PM
043482182857,140.28,USD,11/10/2023 9:20:14 PM
043482182895,151.0,USD,11/10/2023 9:20:14 PM
043482182901,151.0,USD,11/10/2023 9:20:15 PM
043482211113,150.51,USD,11/10/2023 9:20:14 PM
043482211182,141.4,USD,11/10/2023 9:20:14 PM
043482211199,150.51,USD,11/10/2023 9:20:15 PM
043482211205,143.2,USD,11/10/2023 9:20:15 PM
043482215210,147.47,USD,11/10/2023 9:20:14 PM
043482215241,156.58,USD,11/10/2023 9:20:14 PM
043482215265,192.97,USD,11/10/2023 9:20:15 PM
043482215333,192.97,USD,11/10/2023 9:20:15 PM
043482215357,192.97,USD,11/10/2023 9:20:15 PM
043482215364,192.97,USD,11/10/2023 9:20:14 PM
043482215388,199.03,USD,11/10/2023 9:20:14 PM
043482215449,199.03,USD,11/10/2023 9:20:14 PM
043482215463,244.54,USD,11/10/2023 9:20:14 PM
043482215487,229.37,USD,11/10/2023 9:20:14 PM
043482215500,229.37,USD,11/10/2023 9:20:15 PM
043482215517,229.37,USD,11/10/2023 9:20:16 PM
043482215548,229.37,USD,11/10/2023 9:20:16 PM
043482219072,199.03,USD,11/10/2023 9:20:14 PM
043482219843,202.06,USD,11/10/2023 9:20:15 PM
043482219874,202.06,USD,11/10/2023 9:20:16 PM
043482220009,238.47,USD,11/10/2023 9:20:14 PM
043482220023,238.47,USD,11/10/2023 9:20:15 PM
043482220047,238.47,USD,11/10/2023 9:20:16 PM
043482220108,244.54,USD,11/10/2023 9:20:15 PM
043482220153,244.54,USD,11/10/2023 9:20:15 PM
043482220160,244.54,USD,11/10/2023 9:20:14 PM
043482220238,277.89,USD,11/10/2023 9:20:14 PM
043482220245,277.89,USD,11/10/2023 9:20:15 PM
043482220399,150.51,USD,11/10/2023 9:20:15 PM
043482220405,153.54,USD,11/10/2023 9:20:15 PM
043482220481,208.14,USD,11/10/2023 9:20:15 PM
043482220573,244.54,USD,11/10/2023 9:20:16 PM
043482220658,287.02,USD,11/10/2023 9:20:15 PM
043482220887,195.68,USD,11/10/2023 9:20:15 PM
043482220962,234.39,USD,11/10/2023 9:20:15 PM
043482221143,153.54,USD,11/10/2023 9:20:16 PM
043482221174,159.61,USD,11/10/2023 9:20:15 PM
043482221235,150.51,USD,11/10/2023 9:20:16 PM
043482221303,238.47,USD,11/10/2023 9:20:16 PM
043482222843,178.23,USD,11/10/2023 9:20:15 PM
043482224137,151.09,USD,11/10/2023 9:20:16 PM
043482224168,196.59,USD,11/10/2023 9:20:15 PM
043482224755,153.58,USD,11/10/2023 9:20:15 PM
043482224786,161.81,USD,11/10/2023 9:20:16 PM
043482224809,207.94,USD,11/10/2023 9:20:16 PM
043482225141,250.98,USD,11/10/2023 9:20:15 PM
043482225394,150.51,USD,11/10/2023 9:20:16 PM
043482225417,153.54,USD,11/10/2023 9:20:15 PM
043482225790,244.54,USD,11/10/2023 9:20:16 PM
043482226353,147.47,USD,11/10/2023 9:20:16 PM
043482226360,151.09,USD,11/10/2023 9:20:15 PM
043482226377,147.47,USD,11/10/2023 9:20:15 PM
043482226551,166.06,USD,11/10/2023 9:20:16 PM
043482226803,229.37,USD,11/10/2023 9:20:16 PM
043482226919,18.06,USD,11/10/2023 9:20:15 PM
046074017186,21.63,USD,11/10/2023 9:20:16 PM
046074021626,409.35,USD,11/10/2023 9:20:15 PM
046074022258,45.620000000000005,USD,11/10/2023 9:20:17 PM
046074022371,68.0,USD,11/10/2023 9:20:16 PM
046074023927,56.18,USD,11/10/2023 9:20:16 PM
046074026041,26.72,USD,11/10/2023 9:20:16 PM
046074026973,38.07,USD,11/10/2023 9:20:16 PM
046074032202,469.92,USD,11/10/2023 9:20:16 PM
046074032264,77.28,USD,11/10/2023 9:20:17 PM
046074036705,65.58,USD,11/10/2023 9:20:16 PM
046074052279,74.52000000000001,USD,11/10/2023 9:20:15 PM
046074052903,333.2,USD,11/10/2023 9:20:16 PM
046074053276,73.78999999999999,USD,11/10/2023 9:20:17 PM
046074053818,73.52000000000001,USD,11/10/2023 9:20:17 PM
046074061486,96.08,USD,11/10/2023 9:20:16 PM
046074070068,326.0,USD,11/10/2023 9:20:16 PM
046074070082,645.9,USD,11/10/2023 9:20:16 PM
046074070099,667.2,USD,11/10/2023 9:20:16 PM
046074070129,657.76,USD,11/10/2023 9:20:16 PM
046074070921,281.45,USD,11/10/2023 9:20:17 PM
046074075377,260.82,USD,11/10/2023 9:20:16 PM
046074083051,112.66,USD,11/10/2023 9:20:16 PM
046074083440,308.38,USD,11/10/2023 9:20:17 PM
046074083860,23.07,USD,11/10/2023 9:20:18 PM
046074084638,47.67,USD,11/10/2023 9:20:16 PM
046074091094,235.09,USD,11/10/2023 9:20:16 PM
046074111211,29.619999999999997,USD,11/10/2023 9:20:17 PM
046074115691,401.44,USD,11/10/2023 9:20:16 PM
046074116551,650.22,USD,11/10/2023 9:20:17 PM
046074117565,50.71,USD,11/10/2023 9:20:16 PM
046074118173,185.25,USD,11/10/2023 9:20:16 PM
046074120626,60.89,USD,11/10/2023 9:20:18 PM
046074120893,14.7,USD,11/10/2023 9:20:16 PM
046074130281,250.34,USD,11/10/2023 9:20:16 PM
046074131622,226.69,USD,11/10/2023 9:20:18 PM
046074132599,23.55,USD,11/10/2023 9:20:18 PM
046074132704,161.37,USD,11/10/2023 9:20:16 PM
046074133251,205.9,USD,11/10/2023 9:20:16 PM
046074134920,25.240000000000002,USD,11/10/2023 9:20:18 PM
046074134937,26.119999999999997,USD,11/10/2023 9:20:16 PM
046074140723,151.05,USD,11/10/2023 9:20:16 PM
046074141881,254.36,USD,11/10/2023 9:20:17 PM
046074141942,281.27,USD,11/10/2023 9:20:17 PM
046074143878,398.12,USD,11/10/2023 9:20:18 PM
046074147180,47.49,USD,11/10/2023 9:20:17 PM
046074148507,68.1,USD,11/10/2023 9:20:17 PM
046074154379,150.81,USD,11/10/2023 9:20:17 PM
046074155079,19.95,USD,11/10/2023 9:20:17 PM
046074155086,221.27,USD,11/10/2023 9:20:17 PM
046074157844,52.59,USD,11/10/2023 9:20:17 PM
046074157851,948.99,USD,11/10/2023 9:20:17 PM
046074159367,73.32,USD,11/10/2023 9:20:16 PM
046074159664,97.51,USD,11/10/2023 9:20:17 PM
046074160066,34.43,USD,11/10/2023 9:20:17 PM
046074161926,185.25,USD,11/10/2023 9:20:18 PM
046074165894,44.09,USD,11/10/2023 9:20:17 PM
046074172021,52.11,USD,11/10/2023 9:20:17 PM
046074172038,107.26,USD,11/10/2023 9:20:17 PM
046074172144,188.25,USD,11/10/2023 9:20:17 PM
046074179471,332.75,USD,11/10/2023 9:20:18 PM
047116206247,65.17,USD,11/10/2023 9:20:17 PM
047116206254,240.74,USD,11/10/2023 9:20:19 PM
047116206704,16.21,USD,11/10/2023 9:20:17 PM
047853644128,60.32,USD,11/10/2023 9:20:18 PM
047853645392,68.08,USD,11/10/2023 9:20:18 PM
047853657944,20.03,USD,11/10/2023 9:20:17 PM
054137049494,407.93,USD,11/10/2023 9:20:17 PM
054137059714,475.98,USD,11/10/2023 9:20:18 PM
054137068471,560.66,USD,11/10/2023 9:20:18 PM
054137072072,185.69,USD,11/10/2023 9:20:17 PM
054137073390,203.43,USD,11/10/2023 9:20:18 PM
054137082583,557.76,USD,11/10/2023 9:20:17 PM
0703639114888,35.15,USD,11/10/2023 9:20:18 PM
08150-HDBL-R,433.3,USD,11/10/2023 9:20:19 PM
08150-HDCL-D,433.3,USD,11/10/2023 9:20:18 PM
08150-HDFF-D,433.3,USD,11/10/2023 9:20:19 PM
08150-HDKV-R,433.3,USD,11/10/2023 9:20:20 PM
08150-HDTZ-R,433.3,USD,11/10/2023 9:20:17 PM
083509240269,105.76,USD,11/10/2023 9:20:19 PM
083509240382,268.18,USD,11/10/2023 9:20:17 PM
083509241549,231.61,USD,11/10/2023 9:20:17 PM
083509242157,46.55,USD,11/10/2023 9:20:18 PM
083509242348,268.18,USD,11/10/2023 9:20:18 PM
083509245486,127.83,USD,11/10/2023 9:20:17 PM
083509252545,73.96000000000001,USD,11/10/2023 9:20:19 PM
083509252576,73.96000000000001,USD,11/10/2023 9:20:18 PM
083509253542,16.77,USD,11/10/2023 9:20:18 PM
083509270006,290.06,USD,11/10/2023 9:20:18 PM
083509270136,150.81,USD,11/10/2023 9:20:18 PM
083509271799,114.81,USD,11/10/2023 9:20:18 PM
083509272161,206.95,USD,11/10/2023 9:20:18 PM
083509272260,76.63,USD,11/10/2023 9:20:18 PM
083509272611,356.07,USD,11/10/2023 9:20:19 PM
083509273052,28.880000000000003,USD,11/10/2023 9:20:18 PM
083509280173,62.23,USD,11/10/2023 9:20:19 PM
083509280180,7471.9,USD,11/10/2023 9:20:18 PM
083509280203,18.04,USD,11/10/2023 9:20:18 PM
083509281743,40.7,USD,11/10/2023 9:20:18 PM
083509283174,252.45,USD,11/10/2023 9:20:18 PM
083509283181,84.5,USD,11/10/2023 9:20:19 PM
083509283747,151.23,USD,11/10/2023 9:20:18 PM
083509400250,35.32,USD,11/10/2023 9:20:18 PM
083509400458,71.18,USD,11/10/2023 9:20:19 PM
083509400687,112.75,USD,11/10/2023 9:20:19 PM
083509400694,129.06,USD,11/10/2023 9:20:18 PM
083509400700,132.13,USD,11/10/2023 9:20:18 PM
083509401226,234.67,USD,11/10/2023 9:20:19 PM
083509401233,234.67,USD,11/10/2023 9:20:19 PM
083509401325,619.12,USD,11/10/2023 9:20:18 PM
083509401370,189.81,USD,11/10/2023 9:20:19 PM
083509401387,45.25,USD,11/10/2023 9:20:18 PM
083509401400,105.12,USD,11/10/2023 9:20:19 PM
083509401509,138.26,USD,11/10/2023 9:20:18 PM
083509401677,208.1,USD,11/10/2023 9:20:18 PM
083509601275,41.21,USD,11/10/2023 9:20:19 PM
083509640120,23.86,USD,11/10/2023 9:20:18 PM
083509640311,23.83,USD,11/10/2023 9:20:18 PM
083509640342,29.73,USD,11/10/2023 9:20:18 PM
083509648065,90.99,USD,11/10/2023 9:20:19 PM
083509654578,19.75,USD,11/10/2023 9:20:19 PM
083509655155,21.83,USD,11/10/2023 9:20:18 PM
083509760293,65.58,USD,11/10/2023 9:20:20 PM
083509787108,96.98,USD,11/10/2023 9:20:18 PM
083509844573,102.92,USD,11/10/2023 9:20:19 PM
083509845273,117.68,USD,11/10/2023 9:20:18 PM
083509845587,98.73,USD,11/10/2023 9:20:18 PM
083509846225,37.81,USD,11/10/2023 9:20:18 PM
083509846386,101.31,USD,11/10/2023 9:20:19 PM
084709027674,128.51,USD,11/10/2023 9:20:18 PM
084709051181,178.54,USD,11/10/2023 9:20:19 PM
084709072070,1630.33,USD,11/10/2023 9:20:20 PM
084709073169,50.74,USD,11/10/2023 9:20:18 PM
084709073237,193.82,USD,11/10/2023 9:20:18 PM
084709073282,162.72,USD,11/10/2023 9:20:18 PM
084709073312,66.49000000000001,USD,11/10/2023 9:20:19 PM
084709073336,247.96,USD,11/10/2023 9:20:19 PM
084709074715,93.38,USD,11/10/2023 9:20:19 PM
084709913052,28.58,USD,11/10/2023 9:20:20 PM
084709913083,66.62,USD,11/10/2023 9:20:20 PM
084709913199,18.62,USD,11/10/2023 9:20:19 PM
084709913410,229.89,USD,11/10/2023 9:20:20 PM
085347015542,78.56,USD,11/10/2023 9:20:19 PM
085347019014,230.94,USD,11/10/2023 9:20:19 PM
085347023240,74.28,USD,11/10/2023 9:20:19 PM
085347036479,2679.57,USD,11/10/2023 9:20:20 PM
085347155408,246.42,USD,11/10/2023 9:20:20 PM
085347227808,80.28,USD,11/10/2023 9:20:21 PM
085347227815,90.8,USD,11/10/2023 9:20:20 PM
085347227822,80.71,USD,11/10/2023 9:20:19 PM
085347227839,577.24,USD,11/10/2023 9:20:19 PM
085347227907,47.35,USD,11/10/2023 9:20:20 PM
086699012012,40.79,USD,11/10/2023 9:20:20 PM
086699027177,18.27,USD,11/10/2023 9:20:19 PM
086699031334,183.15,USD,11/10/2023 9:20:20 PM
086699053725,73.4,USD,11/10/2023 9:20:20 PM
086699072184,146.99,USD,11/10/2023 9:20:19 PM
086699073617,22.96,USD,11/10/2023 9:20:20 PM
086699073891,110.47,USD,11/10/2023 9:20:20 PM
086699075635,52.32,USD,11/10/2023 9:20:19 PM
086699077998,284.64,USD,11/10/2023 9:20:20 PM
086699088062,214.4,USD,11/10/2023 9:20:21 PM
086699088840,103.2,USD,11/10/2023 9:20:20 PM
086699096562,85.05,USD,11/10/2023 9:20:21 PM
086699103659,17.65,USD,11/10/2023 9:20:20 PM
086699108920,85.99,USD,11/10/2023 9:20:20 PM
086699110206,138.66,USD,11/10/2023 9:20:20 PM
086699114501,24.15,USD,11/10/2023 9:20:21 PM
086699120403,71.28999999999999,USD,11/10/2023 9:20:20 PM
086699121998,59.66,USD,11/10/2023 9:20:20 PM
086699137876,465.13,USD,11/10/2023 9:20:21 PM
086699138811,162.19,USD,11/10/2023 9:20:20 PM
086699161680,53.28,USD,11/10/2023 9:20:20 PM
086699173447,16.31,USD,11/10/2023 9:20:19 PM
086699177643,80.28,USD,11/10/2023 9:20:20 PM
086699180292,386.79,USD,11/10/2023 9:20:20 PM
086699191403,23.17,USD,11/10/2023 9:20:20 PM
086699204219,69.78999999999999,USD,11/10/2023 9:20:20 PM
086699213259,43.980000000000004,USD,11/10/2023 9:20:20 PM
086699216779,37.510000000000005,USD,11/10/2023 9:20:20 PM
086699231154,50.18,USD,11/10/2023 9:20:20 PM
086699245410,36.2,USD,11/10/2023 9:20:19 PM
086699246387,472.38,USD,11/10/2023 9:20:20 PM
086699259950,69.72,USD,11/10/2023 9:20:20 PM
086699264091,497.75,USD,11/10/2023 9:20:20 PM
086699277008,34.72,USD,11/10/2023 9:20:21 PM
086699299659,349.82,USD,11/10/2023 9:20:20 PM
086699302090,713.99,USD,11/10/2023 9:20:20 PM
086699304797,271.95,USD,11/10/2023 9:20:21 PM
086699307422,139.23000000000002,USD,11/10/2023 9:20:20 PM
086699325280,64.22999999999999,USD,11/10/2023 9:20:21 PM
086699331168,46.92,USD,11/10/2023 9:20:21 PM
086699332110,452.06,USD,11/10/2023 9:20:20 PM
086699363268,197.99,USD,11/10/2023 9:20:20 PM
086699372055,145.07,USD,11/10/2023 9:20:20 PM
086699376664,794.0,USD,11/10/2023 9:20:20 PM
086699382610,227.33,USD,11/10/2023 9:20:20 PM
086699383532,36.28,USD,11/10/2023 9:20:20 PM
086699391551,225.23,USD,11/10/2023 9:20:20 PM
086699438478,216.71,USD,11/10/2023 9:20:20 PM
086699440334,1718.0,USD,11/10/2023 9:20:21 PM
086699444769,24.73,USD,11/10/2023 9:20:20 PM
086699453884,41.25,USD,11/10/2023 9:20:21 PM
086699454515,50.71,USD,11/10/2023 9:20:22 PM
086699495310,50.71,USD,11/10/2023 9:20:21 PM
086699503527,21.75,USD,11/10/2023 9:20:21 PM
086699528834,344.55,USD,11/10/2023 9:20:22 PM
086699546876,106.13,USD,11/10/2023 9:20:22 PM
086699550798,373.1,USD,11/10/2023 9:20:21 PM
086699557315,60.65,USD,11/10/2023 9:20:21 PM
086699630063,306.3,USD,11/10/2023 9:20:22 PM
086699674807,138.81,USD,11/10/2023 9:20:21 PM
086699705396,15.120000000000001,USD,11/10/2023 9:20:22 PM
086699722454,77.34,USD,11/10/2023 9:20:22 PM
086699783646,298.2,USD,11/10/2023 9:20:21 PM
086699816245,21.07,USD,11/10/2023 9:20:21 PM
086699931580,198.25,USD,11/10/2023 9:20:23 PM
086699934529,99.49,USD,11/10/2023 9:20:21 PM
086699947321,460.31,USD,11/10/2023 9:20:22 PM
08712167157214,139.84,USD,11/10/2023 9:20:23 PM
088522010431,14.4,USD,11/10/2023 9:20:23 PM
088522031139,441.06,USD,11/10/2023 9:20:22 PM
088522031511,50.8,USD,11/10/2023 9:20:22 PM
088522060535,37.31,USD,11/10/2023 9:20:22 PM
088522103010,674.0,USD,11/10/2023 9:20:22 PM
088522103027,1200.4,USD,11/10/2023 9:20:22 PM
088522103119,1924.58,USD,11/10/2023 9:20:21 PM
088522103133,1189.99,USD,11/10/2023 9:20:22 PM
088522104512,447.91,USD,11/10/2023 9:20:22 PM
088522104536,30.74,USD,11/10/2023 9:20:22 PM
088522131532,71.45,USD,11/10/2023 9:20:22 PM
088522132935,47.19,USD,11/10/2023 9:20:22 PM
088522135233,70.1,USD,11/10/2023 9:20:23 PM
088522160136,63.07,USD,11/10/2023 9:20:22 PM
088522170333,48.99,USD,11/10/2023 9:20:22 PM
088522176137,95.18,USD,11/10/2023 9:20:22 PM
088522176335,71.45,USD,11/10/2023 9:20:22 PM
088522176434,50.19,USD,11/10/2023 9:20:23 PM
088522176632,55.02,USD,11/10/2023 9:20:22 PM
088522178834,161.78,USD,11/10/2023 9:20:22 PM
088522180219,429.5,USD,11/10/2023 9:20:22 PM
088522180516,89.86,USD,11/10/2023 9:20:23 PM
088522201112,173.13,USD,11/10/2023 9:20:22 PM
088522201136,670.0,USD,11/10/2023 9:20:23 PM
088522201235,1690.22,USD,11/10/2023 9:20:22 PM
088522204434,30.42,USD,11/10/2023 9:20:22 PM
088522204632,45.620000000000005,USD,11/10/2023 9:20:23 PM
088522304912,786.21,USD,11/10/2023 9:20:22 PM
088522305117,44.81,USD,11/10/2023 9:20:22 PM
088522306213,56.5,USD,11/10/2023 9:20:23 PM
088522306411,966.0,USD,11/10/2023 9:20:22 PM
088522306718,87.09,USD,11/10/2023 9:20:23 PM
088522307111,38.519999999999996,USD,11/10/2023 9:20:24 PM
088522307128,833.18,USD,11/10/2023 9:20:22 PM
088522307937,47.19,USD,11/10/2023 9:20:23 PM
088522308811,1204.47,USD,11/10/2023 9:20:23 PM
088522318339,60.4,USD,11/10/2023 9:20:24 PM
088522318537,161.36,USD,11/10/2023 9:20:24 PM
088522321933,390.38,USD,11/10/2023 9:20:24 PM
088522322039,140.28,USD,11/10/2023 9:20:24 PM
088522322435,81.56,USD,11/10/2023 9:20:24 PM
088522323630,403.03,USD,11/10/2023 9:20:26 PM
088522332632,58.69,USD,11/10/2023 9:20:25 PM
088522500833,34.489999999999995,USD,11/10/2023 9:20:25 PM
088522503216,66.63,USD,11/10/2023 9:20:24 PM
088522503230,49.55,USD,11/10/2023 9:20:25 PM
088522505616,19.86,USD,11/10/2023 9:20:25 PM
088522505814,614.0,USD,11/10/2023 9:20:24 PM
088522509119,38.519999999999996,USD,11/10/2023 9:20:25 PM
088522509539,213.99,USD,11/10/2023 9:20:26 PM
088522509737,60.4,USD,11/10/2023 9:20:24 PM
088522509911,51.62,USD,11/10/2023 9:20:26 PM
088522512218,119.87,USD,11/10/2023 9:20:25 PM
088522513734,93.3,USD,11/10/2023 9:20:26 PM
088522513819,66.81,USD,11/10/2023 9:20:24 PM
088522513932,74.75,USD,11/10/2023 9:20:24 PM
088522514533,93.48,USD,11/10/2023 9:20:25 PM
088522515530,832.21,USD,11/10/2023 9:20:25 PM
088522516230,186.83,USD,11/10/2023 9:20:24 PM
088522518333,242.54,USD,11/10/2023 9:20:25 PM
088522518432,102.38,USD,11/10/2023 9:20:26 PM
088522518531,67.02000000000001,USD,11/10/2023 9:20:26 PM
088522519439,19.8,USD,11/10/2023 9:20:26 PM
088522520633,482.8,USD,11/10/2023 9:20:26 PM
088522603435,1898.75,USD,11/10/2023 9:20:26 PM
088522603633,917.81,USD,11/10/2023 9:20:26 PM
088522603732,34.56,USD,11/10/2023 9:20:26 PM
088522700530,37.21,USD,11/10/2023 9:20:26 PM
088522702237,22.08,USD,11/10/2023 9:20:26 PM
0887753526618,269.3,USD,11/10/2023 9:20:25 PM
0887753531537,22.57,USD,11/10/2023 9:20:25 PM
0887753533074,171.64,USD,11/10/2023 9:20:25 PM
0887753533142,455.54,USD,11/10/2023 9:20:25 PM
0887753534187,494.34,USD,11/10/2023 9:20:26 PM
0887753534316,138.66,USD,11/10/2023 9:20:25 PM
0887753534385,171.64,USD,11/10/2023 9:20:26 PM
0887753534514,292.58,USD,11/10/2023 9:20:26 PM
0887753534583,382.72,USD,11/10/2023 9:20:26 PM
0887753534682,461.87,USD,11/10/2023 9:20:26 PM
0887753534736,354.66,USD,11/10/2023 9:20:25 PM
0887753534750,269.3,USD,11/10/2023 9:20:27 PM
0887753535016,595.27,USD,11/10/2023 9:20:25 PM
0887753535795,292.58,USD,11/10/2023 9:20:26 PM
0887753535825,336.54,USD,11/10/2023 9:20:25 PM
0887753535832,362.93,USD,11/10/2023 9:20:26 PM
090689000262,35.53,USD,11/10/2023 9:20:26 PM
090689000293,276.49,USD,11/10/2023 9:20:26 PM
090689000644,343.99,USD,11/10/2023 9:20:26 PM
090689000736,343.99,USD,11/10/2023 9:20:26 PM
090689000774,343.99,USD,11/10/2023 9:20:26 PM
090689001603,392.0,USD,11/10/2023 9:20:26 PM
090689100481,291.49,USD,11/10/2023 9:20:26 PM
090689100641,276.49,USD,11/10/2023 9:20:26 PM
090689101105,1443.42,USD,11/10/2023 9:20:26 PM
090689103031,411.49,USD,11/10/2023 9:20:27 PM
090689103246,291.49,USD,11/10/2023 9:20:26 PM
090689103307,1294.48,USD,11/10/2023 9:20:27 PM
090689103314,291.49,USD,11/10/2023 9:20:26 PM
090689103338,291.49,USD,11/10/2023 9:20:26 PM
090689103499,276.49,USD,11/10/2023 9:20:28 PM
090689103550,276.49,USD,11/10/2023 9:20:27 PM
090689103703,411.49,USD,11/10/2023 9:20:27 PM
090689103741,411.49,USD,11/10/2023 9:20:26 PM
090689104366,411.49,USD,11/10/2023 9:20:26 PM
090689104847,58.11,USD,11/10/2023 9:20:26 PM
090689104892,396.49,USD,11/10/2023 9:20:26 PM
090689104922,396.49,USD,11/10/2023 9:20:26 PM
090689104984,411.49,USD,11/10/2023 9:20:26 PM
090689104991,396.49,USD,11/10/2023 9:20:26 PM
090689105035,411.49,USD,11/10/2023 9:20:26 PM
090689105066,396.49,USD,11/10/2023 9:20:27 PM
090689105691,396.49,USD,11/10/2023 9:20:27 PM
090689105738,124.49,USD,11/10/2023 9:20:26 PM
090689105745,396.49,USD,11/10/2023 9:20:26 PM
090689105875,291.49,USD,11/10/2023 9:20:28 PM
090689105967,41.75,USD,11/10/2023 9:20:27 PM
090689105981,396.49,USD,11/10/2023 9:20:26 PM
090689106001,56.34,USD,11/10/2023 9:20:27 PM
090689106520,403.99,USD,11/10/2023 9:20:27 PM
090689106926,276.49,USD,11/10/2023 9:20:26 PM
090689106933,276.49,USD,11/10/2023 9:20:29 PM
090689106995,403.99,USD,11/10/2023 9:20:27 PM
090689107015,396.49,USD,11/10/2023 9:20:28 PM
090689107077,403.99,USD,11/10/2023 9:20:27 PM
090689107114,403.99,USD,11/10/2023 9:20:28 PM
090689107305,34.96,USD,11/10/2023 9:20:27 PM
090689107312,221.27,USD,11/10/2023 9:20:26 PM
090689107336,39.629999999999995,USD,11/10/2023 9:20:26 PM
090689107596,411.49,USD,11/10/2023 9:20:28 PM
090689107633,396.49,USD,11/10/2023 9:20:28 PM
090689107657,411.49,USD,11/10/2023 9:20:28 PM
090689107695,396.49,USD,11/10/2023 9:20:28 PM
090689107701,396.49,USD,11/10/2023 9:20:28 PM
090689107749,396.49,USD,11/10/2023 9:20:27 PM
090689108111,298.99,USD,11/10/2023 9:20:27 PM
090689110671,396.49,USD,11/10/2023 9:20:28 PM
090689110701,403.99,USD,11/10/2023 9:20:29 PM
090689110756,403.99,USD,11/10/2023 9:20:27 PM
090689110893,396.49,USD,11/10/2023 9:20:28 PM
090689110923,403.99,USD,11/10/2023 9:20:27 PM
090689110954,276.49,USD,11/10/2023 9:20:28 PM
090689110978,276.49,USD,11/10/2023 9:20:28 PM
090689110985,276.49,USD,11/10/2023 9:20:28 PM
090689110992,16.35,USD,11/10/2023 9:20:27 PM
090689111340,471.49,USD,11/10/2023 9:20:29 PM
090689111357,471.49,USD,11/10/2023 9:20:28 PM
090689111555,291.49,USD,11/10/2023 9:20:29 PM
090689111630,276.49,USD,11/10/2023 9:20:29 PM
090689111647,471.49,USD,11/10/2023 9:20:28 PM
090689111654,411.49,USD,11/10/2023 9:20:29 PM
090689111838,74.28,USD,11/10/2023 9:20:28 PM
090689111852,276.49,USD,11/10/2023 9:20:28 PM
090689111876,276.49,USD,11/10/2023 9:20:28 PM
090689111906,276.49,USD,11/10/2023 9:20:28 PM
090689111944,276.49,USD,11/10/2023 9:20:29 PM
090689112033,276.49,USD,11/10/2023 9:20:28 PM
090689112101,291.49,USD,11/10/2023 9:20:28 PM
090689112316,411.49,USD,11/10/2023 9:20:29 PM
090689112392,114.42,USD,11/10/2023 9:20:29 PM
090689112408,481.77,USD,11/10/2023 9:20:29 PM
090689112415,344.08,USD,11/10/2023 9:20:28 PM
090689112439,1718.08,USD,11/10/2023 9:20:29 PM
090689112460,276.49,USD,11/10/2023 9:20:28 PM
090689112491,456.49,USD,11/10/2023 9:20:28 PM
090689112514,396.49,USD,11/10/2023 9:20:30 PM
090689112538,403.99,USD,11/10/2023 9:20:28 PM
090689112590,403.99,USD,11/10/2023 9:20:29 PM
090689112613,276.49,USD,11/10/2023 9:20:28 PM
090689112620,276.49,USD,11/10/2023 9:20:28 PM
090689112644,403.99,USD,11/10/2023 9:20:29 PM
090689112651,276.49,USD,11/10/2023 9:20:28 PM
090689112668,276.49,USD,11/10/2023 9:20:29 PM
090689112682,14.67,USD,11/10/2023 9:20:28 PM
090689112866,276.49,USD,11/10/2023 9:20:29 PM
090689112910,298.99,USD,11/10/2023 9:20:28 PM
090689113023,58.18,USD,11/10/2023 9:20:29 PM
090689113115,58.18,USD,11/10/2023 9:20:28 PM
090689113139,196.05,USD,11/10/2023 9:20:30 PM
090689113153,58.18,USD,11/10/2023 9:20:29 PM
090689113160,50.71,USD,11/10/2023 9:20:29 PM
090689113177,156.4,USD,11/10/2023 9:20:29 PM
090689113245,102.13,USD,11/10/2023 9:20:29 PM
090689113290,37.56,USD,11/10/2023 9:20:28 PM
090689113337,33.28,USD,11/10/2023 9:20:28 PM
090689113405,96.55,USD,11/10/2023 9:20:30 PM
090689113429,8209.9,USD,11/10/2023 9:20:29 PM
090689113481,30.01,USD,11/10/2023 9:20:28 PM
090689113498,58.18,USD,11/10/2023 9:20:29 PM
090689113511,53.04,USD,11/10/2023 9:20:29 PM
090689113542,83.43,USD,11/10/2023 9:20:29 PM
090689113597,196.06,USD,11/10/2023 9:20:29 PM
090689113733,238.64,USD,11/10/2023 9:20:29 PM
090689116161,276.49,USD,11/10/2023 9:20:30 PM
090689116314,58.99,USD,11/10/2023 9:20:30 PM
090689116321,456.49,USD,11/10/2023 9:20:30 PM
090689116871,276.49,USD,11/10/2023 9:20:30 PM
090689116895,276.49,USD,11/10/2023 9:20:31 PM
090689117069,403.99,USD,11/10/2023 9:20:30 PM
090689117182,403.99,USD,11/10/2023 9:20:30 PM
090689117311,43.17,USD,11/10/2023 9:20:31 PM
090689117335,506.27,USD,11/10/2023 9:20:30 PM
090689118080,403.99,USD,11/10/2023 9:20:34 PM
090689118103,276.49,USD,11/10/2023 9:20:29 PM
090689118141,411.49,USD,11/10/2023 9:20:30 PM
090689118202,396.49,USD,11/10/2023 9:20:30 PM
090689118387,111.39,USD,11/10/2023 9:20:30 PM
090689118448,718.99,USD,11/10/2023 9:20:29 PM
090689118455,718.99,USD,11/10/2023 9:20:31 PM
090689118479,718.99,USD,11/10/2023 9:20:31 PM
090689118486,718.99,USD,11/10/2023 9:20:31 PM
090689118509,650.75,USD,11/10/2023 9:20:30 PM
090689118646,718.99,USD,11/10/2023 9:20:31 PM
090689119971,49.85,USD,11/10/2023 9:20:30 PM
090689120274,24.91,USD,11/10/2023 9:20:30 PM
090689120854,425.43,USD,11/10/2023 9:20:30 PM
090689121301,276.49,USD,11/10/2023 9:20:31 PM
090689121820,920.88,USD,11/10/2023 9:20:29 PM
090689122674,396.49,USD,11/10/2023 9:20:30 PM
090689123176,2003.93,USD,11/10/2023 9:20:31 PM
090689123848,673.99,USD,11/10/2023 9:20:30 PM
10365601,97.97,USD,11/10/2023 9:20:29 PM
12748094685,109.79,USD,11/10/2023 9:20:31 PM
12748094791,19.69,USD,11/10/2023 9:20:30 PM
12748095903,224.93,USD,11/10/2023 9:20:31 PM
14957161Z,118.96,USD,11/10/2023 9:20:30 PM
190300113934,939.65,USD,11/10/2023 9:20:31 PM
190300119998,314.0,USD,11/10/2023 9:20:31 PM
190300120000,314.0,USD,11/10/2023 9:20:30 PM
190300122646,833.0,USD,11/10/2023 9:20:30 PM
190300180943,557.75,USD,11/10/2023 9:20:33 PM
190300181193,426.5,USD,11/10/2023 9:20:31 PM
190300181339,632.75,USD,11/10/2023 9:20:31 PM
190300181445,321.5,USD,11/10/2023 9:20:30 PM
190300181469,576.5,USD,11/10/2023 9:20:31 PM
190300181742,321.5,USD,11/10/2023 9:20:32 PM
190300182107,632.75,USD,11/10/2023 9:20:30 PM
190300182695,321.5,USD,11/10/2023 9:20:32 PM
190300182732,576.5,USD,11/10/2023 9:20:33 PM
190300182756,576.5,USD,11/10/2023 9:20:30 PM
190300182985,340.25,USD,11/10/2023 9:20:33 PM
190300183104,325.25,USD,11/10/2023 9:20:31 PM
190300183456,419.0,USD,11/10/2023 9:20:33 PM
190300183593,651.5,USD,11/10/2023 9:20:32 PM
190300184194,321.5,USD,11/10/2023 9:20:30 PM
190300210244,758.24,USD,11/10/2023 9:20:30 PM
190300237197,632.24,USD,11/10/2023 9:20:32 PM
190300284047,531.29,USD,11/10/2023 9:20:32 PM
190300304233,514.3,USD,11/10/2023 9:20:31 PM
190300472598,308.84,USD,11/10/2023 9:20:31 PM
190300474387,9619.96,USD,11/10/2023 9:20:31 PM
190300691081,314.0,USD,11/10/2023 9:20:32 PM
190300691173,314.0,USD,11/10/2023 9:20:31 PM
190300691210,321.5,USD,11/10/2023 9:20:31 PM
190300692828,314.0,USD,11/10/2023 9:20:31 PM
190300693535,340.25,USD,11/10/2023 9:20:30 PM
190300985616,314.0,USD,11/10/2023 9:20:32 PM
190300985807,314.0,USD,11/10/2023 9:20:30 PM
190300986224,235.25,USD,11/10/2023 9:20:32 PM
190300986255,235.25,USD,11/10/2023 9:20:31 PM
190300987368,321.5,USD,11/10/2023 9:20:34 PM
191209000059,114.93,USD,11/10/2023 9:20:30 PM
191209000127,128.01999999999998,USD,11/10/2023 9:20:34 PM
191209000172,66.8,USD,11/10/2023 9:20:32 PM
191209000622,83.57,USD,11/10/2023 9:20:33 PM
191209000677,374.71,USD,11/10/2023 9:20:32 PM
191209000714,121.46,USD,11/10/2023 9:20:31 PM
191209000752,115.92,USD,11/10/2023 9:20:32 PM
191209000769,57.7,USD,11/10/2023 9:20:32 PM
191209000776,57.92,USD,11/10/2023 9:20:31 PM
191209000967,426.26,USD,11/10/2023 9:20:32 PM
191209000974,131.22,USD,11/10/2023 9:20:31 PM
191209001216,64.22999999999999,USD,11/10/2023 9:20:31 PM
191209001247,144.22,USD,11/10/2023 9:20:32 PM
191209001520,474.6,USD,11/10/2023 9:20:31 PM
191209001551,142.4,USD,11/10/2023 9:20:31 PM
191209001605,101.2,USD,11/10/2023 9:20:34 PM
191209001629,396.11,USD,11/10/2023 9:20:34 PM
191209001636,62.05,USD,11/10/2023 9:20:34 PM
191209002343,179.89,USD,11/10/2023 9:20:32 PM
191209002725,54.99,USD,11/10/2023 9:20:31 PM
191209002770,22.52,USD,11/10/2023 9:20:31 PM
191209002978,102.74,USD,11/10/2023 9:20:31 PM
191209002985,135.97,USD,11/10/2023 9:20:32 PM
191209003258,408.54,USD,11/10/2023 9:20:31 PM
191209003395,60.94,USD,11/10/2023 9:20:32 PM
191209003517,200.5,USD,11/10/2023 9:20:32 PM
191209003685,268.82,USD,11/10/2023 9:20:31 PM
191209003708,222.25,USD,11/10/2023 9:20:32 PM
191209003845,186.26,USD,11/10/2023 9:20:34 PM
191209003951,1466.58,USD,11/10/2023 9:20:32 PM
191209003968,107.6,USD,11/10/2023 9:20:33 PM
191209003975,254.0,USD,11/10/2023 9:20:34 PM
191209003982,98.65,USD,11/10/2023 9:20:32 PM
191209004200,837.19,USD,11/10/2023 9:20:32 PM
191209004286,103.92,USD,11/10/2023 9:20:32 PM
191209004415,148.96,USD,11/10/2023 9:20:31 PM
191209004422,20.46,USD,11/10/2023 9:20:31 PM
191209004453,39.94,USD,11/10/2023 9:20:32 PM
191209004606,23.369999999999997,USD,11/10/2023 9:20:32 PM
191209004620,78.91,USD,11/10/2023 9:20:31 PM
191209004644,148.96,USD,11/10/2023 9:20:32 PM
191209004651,91.75,USD,11/10/2023 9:20:32 PM
191209004798,460.26,USD,11/10/2023 9:20:32 PM
191209004873,33.57,USD,11/10/2023 9:20:32 PM
191209004989,104.1,USD,11/10/2023 9:20:32 PM
191209005085,36.46,USD,11/10/2023 9:20:33 PM
191209005184,62.96,USD,11/10/2023 9:20:32 PM
191209005290,262.36,USD,11/10/2023 9:20:32 PM
191209005559,87.64,USD,11/10/2023 9:20:33 PM
191209005573,74.47999999999999,USD,11/10/2023 9:20:33 PM
191209005610,412.6,USD,11/10/2023 9:20:32 PM
191209005665,35.32,USD,11/10/2023 9:20:31 PM
191209005870,2555.44,USD,11/10/2023 9:20:32 PM
191209005993,376.79,USD,11/10/2023 9:20:32 PM
191209006129,555.33,USD,11/10/2023 9:20:32 PM
191209006228,27.39,USD,11/10/2023 9:20:32 PM
191209006389,244.96,USD,11/10/2023 9:20:33 PM
191209006440,208.4,USD,11/10/2023 9:20:32 PM
191209006808,413.0,USD,11/10/2023 9:20:32 PM
191209006990,17.18,USD,11/10/2023 9:20:33 PM
191209007331,35.58,USD,11/10/2023 9:20:33 PM
191209007591,740.52,USD,11/10/2023 9:20:32 PM
191209007614,122.13,USD,11/10/2023 9:20:32 PM
191209007805,75.39,USD,11/10/2023 9:20:32 PM
191209008079,139.86,USD,11/10/2023 9:20:34 PM
191209008468,20.69,USD,11/10/2023 9:20:32 PM
191209008512,294.5,USD,11/10/2023 9:20:32 PM
191209008543,58.66,USD,11/10/2023 9:20:33 PM
191209008826,253.2,USD,11/10/2023 9:20:32 PM
191209008857,208.39,USD,11/10/2023 9:20:33 PM
191209008925,293.96,USD,11/10/2023 9:20:32 PM
191209009267,1178.75,USD,11/10/2023 9:20:34 PM
191209009373,317.1,USD,11/10/2023 9:20:33 PM
191209009571,38.47,USD,11/10/2023 9:20:32 PM
191209009816,537.84,USD,11/10/2023 9:20:33 PM
191209010027,101.2,USD,11/10/2023 9:20:34 PM
191209010041,67.18,USD,11/10/2023 9:20:33 PM
191209010386,146.46,USD,11/10/2023 9:20:34 PM
191209010447,135.93,USD,11/10/2023 9:20:34 PM
191209010478,18.97,USD,11/10/2023 9:20:34 PM
191209010690,216.8,USD,11/10/2023 9:20:34 PM
191209010720,61.78,USD,11/10/2023 9:20:34 PM
191209010775,171.55,USD,11/10/2023 9:20:34 PM
191209010898,100.21,USD,11/10/2023 9:20:34 PM
191209011130,80.77,USD,11/10/2023 9:20:34 PM
191209011581,64.13,USD,11/10/2023 9:20:33 PM
191209011703,290.35,USD,11/10/2023 9:20:34 PM
191209011963,307.48,USD,11/10/2023 9:20:34 PM
191209011970,48.36,USD,11/10/2023 9:20:34 PM
191209012014,763.65,USD,11/10/2023 9:20:34 PM
191209012434,82.01,USD,11/10/2023 9:20:33 PM
191209012885,224.06,USD,11/10/2023 9:20:33 PM
191209012939,630.83,USD,11/10/2023 9:20:34 PM
191209013271,159.58,USD,11/10/2023 9:20:33 PM
191209013844,246.2,USD,11/10/2023 9:20:33 PM
191209013851,262.97,USD,11/10/2023 9:20:34 PM
191209013868,64.22999999999999,USD,11/10/2023 9:20:34 PM
191209013875,138.01999999999998,USD,11/10/2023 9:20:34 PM
191209013882,117.08,USD,11/10/2023 9:20:34 PM
191209014469,88.77,USD,11/10/2023 9:20:34 PM
191209014636,104.36,USD,11/10/2023 9:20:34 PM
191209014643,85.86,USD,11/10/2023 9:20:33 PM
191209014926,965.18,USD,11/10/2023 9:20:34 PM
191209015015,261.2,USD,11/10/2023 9:20:34 PM
191209015190,380.74,USD,11/10/2023 9:20:33 PM
191209015862,40.78,USD,11/10/2023 9:20:34 PM
191209015909,765.5,USD,11/10/2023 9:20:34 PM
191209015916,427.83,USD,11/10/2023 9:20:35 PM
191209016227,19.73,USD,11/10/2023 9:20:34 PM
191209016456,80.96,USD,11/10/2023 9:20:34 PM
191209016494,57.83,USD,11/10/2023 9:20:35 PM
191209016777,57.53,USD,11/10/2023 9:20:34 PM
191209016838,127.83,USD,11/10/2023 9:20:34 PM
191209016906,22.33,USD,11/10/2023 9:20:34 PM
191209017071,317.52,USD,11/10/2023 9:20:34 PM
191209017088,339.86,USD,11/10/2023 9:20:34 PM
191209017682,2562.82,USD,11/10/2023 9:20:34 PM
191209017736,6710.46,USD,11/10/2023 9:20:34 PM
191209017910,261.95,USD,11/10/2023 9:20:34 PM
191209017927,117.5,USD,11/10/2023 9:20:34 PM
191209017965,3106.25,USD,11/10/2023 9:20:35 PM
191209018306,80.96,USD,11/10/2023 9:20:35 PM
191209018344,66.88,USD,11/10/2023 9:20:35 PM
191209018412,57.39,USD,11/10/2023 9:20:34 PM
191209018443,88.16,USD,11/10/2023 9:20:36 PM
191209018498,68.39,USD,11/10/2023 9:20:34 PM
191209018535,217.99,USD,11/10/2023 9:20:36 PM
191209018641,1424.77,USD,11/10/2023 9:20:34 PM
191209018665,766.05,USD,11/10/2023 9:20:35 PM
191209018689,45.760000000000005,USD,11/10/2023 9:20:34 PM
191209019761,28.73,USD,11/10/2023 9:20:35 PM
191209019921,386.98,USD,11/10/2023 9:20:34 PM
191209019976,85.06,USD,11/10/2023 9:20:35 PM
191209020064,463.26,USD,11/10/2023 9:20:35 PM
191209020187,43.22,USD,11/10/2023 9:20:34 PM
191209020460,332.75,USD,11/10/2023 9:20:34 PM
191209020590,31.53,USD,11/10/2023 9:20:35 PM
191209020910,27.52,USD,11/10/2023 9:20:35 PM
191209021108,31.86,USD,11/10/2023 9:20:34 PM
191209021603,38.269999999999996,USD,11/10/2023 9:20:34 PM
191209021672,103.27,USD,11/10/2023 9:20:34 PM
191209022334,230.39,USD,11/10/2023 9:20:34 PM
191209022853,43.91,USD,11/10/2023 9:20:35 PM
191209023010,4435.99,USD,11/10/2023 9:20:36 PM
191209023355,66.53999999999999,USD,11/10/2023 9:20:34 PM
191209023362,255.62,USD,11/10/2023 9:20:36 PM
191209023454,338.98,USD,11/10/2023 9:20:35 PM
191209023720,224.39,USD,11/10/2023 9:20:36 PM
191209023751,624.53,USD,11/10/2023 9:20:35 PM
191209024055,219.23,USD,11/10/2023 9:20:36 PM
191209024253,60.37,USD,11/10/2023 9:20:35 PM
191209024321,356.81,USD,11/10/2023 9:20:35 PM
191209024475,668.02,USD,11/10/2023 9:20:35 PM
191209024574,23.75,USD,11/10/2023 9:20:34 PM
191209024598,217.52,USD,11/10/2023 9:20:36 PM
191209024840,937.41,USD,11/10/2023 9:20:35 PM
191209025069,169.17,USD,11/10/2023 9:20:36 PM
191209025311,80.99,USD,11/10/2023 9:20:36 PM
191209025465,24.04,USD,11/10/2023 9:20:36 PM
191209025663,1641.75,USD,11/10/2023 9:20:36 PM
191209025717,75.05,USD,11/10/2023 9:20:36 PM
191209025779,36.67,USD,11/10/2023 9:20:36 PM
191209025915,24.71,USD,11/10/2023 9:20:35 PM
191209026592,177.89,USD,11/10/2023 9:20:35 PM
191209026684,40.129999999999995,USD,11/10/2023 9:20:35 PM
191209026714,104.38,USD,11/10/2023 9:20:35 PM
191209026806,50.84,USD,11/10/2023 9:20:35 PM
191209027179,7938.92,USD,11/10/2023 9:20:36 PM
191209027216,77.31,USD,11/10/2023 9:20:35 PM
191209027254,68.8,USD,11/10/2023 9:20:37 PM
191209027278,28.09,USD,11/10/2023 9:20:36 PM
191209027483,288.77,USD,11/10/2023 9:20:35 PM
191209027629,152.83,USD,11/10/2023 9:20:37 PM
191209027643,404.76,USD,11/10/2023 9:20:36 PM
191209027759,125.96,USD,11/10/2023 9:20:37 PM
191209028015,108.77,USD,11/10/2023 9:20:36 PM
191209028022,233.3,USD,11/10/2023 9:20:36 PM
191209028039,233.3,USD,11/10/2023 9:20:36 PM
191209028138,80.97,USD,11/10/2023 9:20:36 PM
191209028152,74.28999999999999,USD,11/10/2023 9:20:35 PM
191209028244,44.129999999999995,USD,11/10/2023 9:20:37 PM
191209028831,59.84,USD,11/10/2023 9:20:37 PM
191209029005,55.76,USD,11/10/2023 9:20:37 PM
191209029289,29.54,USD,11/10/2023 9:20:36 PM
191209029319,91.21,USD,11/10/2023 9:20:36 PM
191209029326,87.69,USD,11/10/2023 9:20:36 PM
191209029357,108.31,USD,11/10/2023 9:20:37 PM
191209029524,168.66,USD,11/10/2023 9:20:36 PM
191209031770,248.49,USD,11/10/2023 9:20:37 PM
191209031817,78.95,USD,11/10/2023 9:20:36 PM